{
  "project_info": {
    "project_number": "163280179414",
    "firebase_url": "https://sanchit-project-34eec.firebaseio.com",
    "project_id": "sanchit-project-34eec",
    "storage_bucket": "sanchit-project-34eec.appspot.com"
  },
  "client": [
    {
      "client_info": {
        "mobilesdk_app_id": "1:163280179414:android:13c3c6a65bcbec53",
        "android_client_info": {
          "package_name": "com.example.myapplication"
        }
      },
      "oauth_client": [
        {
          "client_id": "163280179414-ro2t0eg1unbr1198qh2vqmh99rp51k79.apps.googleusercontent.com",
          "client_type": 3
        }
      ],
      "api_key": [
        {
          "current_key": "AIzaSyD6-VLzyL6NU1VZnHQHsNKW1rJ0RKR-fns"
        }
      ],
      "services": {
        "appinvite_service": {
          "other_platform_oauth_client": [
            {
              "client_id": "163280179414-ro2t0eg1unbr1198qh2vqmh99rp51k79.apps.googleusercontent.com",
              "client_type": 3
            }
          ]
        }
      }
    },
    {
      "client_info": {
        "mobilesdk_app_id": "1:163280179414:android:92f9e454ce5cf224",
        "android_client_info": {
          "package_name": "com.example.sanchitapplication"
        }
      },
      "oauth_client": [
        {
          "client_id": "163280179414-vvdatn2uvaalpbsaqgjkovva8tmg2qh1.apps.googleusercontent.com",
          "client_type": 1,
          "android_info": {
            "package_name": "com.example.sanchitapplication",
            "certificate_hash": "e3506005df9f0c6b63d1410eed25846d8a69525d"
          }
        },
        {
          "client_id": "163280179414-f69eusqvaj9noqq9r6kjnkatqthe9sbt.apps.googleusercontent.com",
          "client_type": 1,
          "android_info": {
            "package_name": "com.example.sanchitapplication",
            "certificate_hash": "3183525a33efa1fb6f43095964adbce90dcf5496"
          }
        },
        {
          "client_id": "163280179414-ro2t0eg1unbr1198qh2vqmh99rp51k79.apps.googleusercontent.com",
          "client_type": 3
        }
      ],
      "api_key": [
        {
          "current_key": "AIzaSyD6-VLzyL6NU1VZnHQHsNKW1rJ0RKR-fns"
        }
      ],
      "services": {
        "appinvite_service": {
          "other_platform_oauth_client": [
            {
              "client_id": "163280179414-ro2t0eg1unbr1198qh2vqmh99rp51k79.apps.googleusercontent.com",
              "client_type": 3
            }
          ]
        }
      }
    },
    {
      "client_info": {
        "mobilesdk_app_id": "1:163280179414:android:24098ada3e4f8f52b7f977",
        "android_client_info": {
          "package_name": "com.mukesh.ip40"
        }
      },
      "oauth_client": [
        {
          "client_id": "163280179414-92nvojtitv2op752t30pbb0a4b4gop4g.apps.googleusercontent.com",
          "client_type": 1,
          "android_info": {
            "package_name": "com.mukesh.ip40",
            "certificate_hash": "e3506005df9f0c6b63d1410eed25846d8a69525d"
          }
        },
        {
          "client_id": "163280179414-ro2t0eg1unbr1198qh2vqmh99rp51k79.apps.googleusercontent.com",
          "client_type": 3
        }
      ],
      "api_key": [
        {
          "current_key": "AIzaSyD6-VLzyL6NU1VZnHQHsNKW1rJ0RKR-fns"
        }
      ],
      "services": {
        "appinvite_service": {
          "other_platform_oauth_client": [
            {
              "client_id": "163280179414-ro2t0eg1unbr1198qh2vqmh99rp51k79.apps.googleusercontent.com",
              "client_type": 3
            }
          ]
        }
      }
    }
  ],
  "configuration_version": "1"
}